<?xml version="1.0" encoding="UTF-8"?>
<connection xmlns="http://schemas.informatica.com/socrates/data-services/2014/04/avosConnections.xsd"
            xmlns:types1="http://schemas.active-endpoints.com/appmodules/repository/2010/10/avrepository.xsd"
            xmlns:aetgt="http://schemas.active-endpoints.com/appmodules/repository/2010/10/avrepository.xsd"
            label="DataAccessService"
            name="DataAccessService">
   <description>DO NOT USE THIS SERVICE DIRECTLY is defined only to provide metadata defintions for Automated Steps execSQL and execMultiSQL</description>
   <tags>DAS</tags>
   <agent/>
   <attributes/>
   <businessConnector xmlns="http://schemas.informatica.com/appmodules/screenflow/2014/04/avosConnectors.xsd"
                      agentOnly="false"
                      connectorPath="project:/rt.connector/DataAccessService/DataAccessService_svcDef.xml"
                      supportsConnectionTest="false"
                      uuid="93d7509e-96fb-4872-b8c1-41f382c1811f">
      <description>DO NOT USE THIS SERVICE DIRECTLY is defined only to provide metadata defintions for Automated Steps execSQL and execMultiSQL</description>
   </businessConnector>
</connection>