<?xml version="1.0" encoding="UTF-8"?>
<processObject xmlns="http://schemas.active-endpoints.com/appmodules/screenflow/2011/06/avosHostEnvironment.xsd"
               xmlns:types1="http://schemas.active-endpoints.com/appmodules/repository/2010/10/avrepository.xsd"
               xmlns:aetgt="http://schemas.active-endpoints.com/appmodules/repository/2010/10/avrepository.xsd"
               isByCopy="true"
               name="TestResult">
   <description>This Object Represent a Test Reults</description>
   <tags>TEST,DAS</tags>
   <detail>
      <field label="Test Name" name="testName" type="string"/>
      <field label="Test Result" name="testResult" type="picklist">
         <options>
            <option name="values">[{"value":"succes","label":"succes"},{"value":"fail","label":"fail"}]</option>
         </options>
      </field>
      <field label="Message" name="message" type="richtextarea"/>
   </detail>
</processObject>