objectPath,objectName,objectType,id
/Explore/DAS/Tests,TEST DAS,GUIDE,55rilxzyHaTe1ngh9QtgKl
/Explore/DAS,execMultiSQLProxy,PROCESS,1H3UtktK7r4hpKFkSq0gYT
/Explore/DAS,Tests,Folder,aEm2pt90J4ZlNivgYqa0Wr
/Explore/DAS,DataAccessService,AI_CONNECTION,jhXRGp8HGy8fOjJy57yhy1
/Explore/DAS,How-To Use DAS Service Wrapper,GUIDE,4OI2DlXvTSHfBDKeDXeoOF
/Explore,DAS,Project,hnj9FM2QFKbba2XrEV8l6N
/Explore/DAS/Tests,TEST DAS,PROCESS,4T2lQzKv7vZjNuf8ol8yo9
/Explore/DAS,DataAccessService,AI_SERVICE_CONNECTOR,cZ66760oF8pjwt5OEx7AY1
/Explore/DAS,execSQLProxy,PROCESS,dkcwMWPZRk4jqXT9TMUwgq