{
  "name" : "DAS-1572982399573",
  "sourceOrgId" : "d8UL5i5Pm4KddufpfKuiaN",
  "sourceOrgName" : "JB's Sandbox",
  "exportedObjects" : [ {
    "objectGuid" : "55rilxzyHaTe1ngh9QtgKl",
    "objectName" : "TEST DAS",
    "objectType" : "GUIDE",
    "path" : "/Explore/DAS/Tests",
    "metadata" : {
      "modelVersion" : {
        "major" : 1,
        "minor" : 0
      },
      "repoInfo" : {
        "repoHandle" : "qzUzeA8rJ4pbgch-gt-159666-2018-07-18T13:22:03.027Z::gt.xml"
      },
      "objectRefs" : [ ],
      "contextAttributes" : null,
      "additionalInfo" : {
        "description" : "Guide To Run various data acess Service Wrapper test",
        "contentType" : "application/json; charset=utf-8",
        "documentState" : "VALID"
      }
    }
  }, {
    "objectGuid" : "1H3UtktK7r4hpKFkSq0gYT",
    "objectName" : "execMultiSQLProxy",
    "objectType" : "PROCESS",
    "path" : "/Explore/DAS",
    "metadata" : {
      "modelVersion" : {
        "major" : 1,
        "minor" : 0
      },
      "repoInfo" : {
        "repoHandle" : "P274Rpf6JfOMWSw-gt-749200-2018-07-18T13:21:58.677Z::pd.xml"
      },
      "objectRefs" : [ ],
      "contextAttributes" : null,
      "additionalInfo" : {
        "description" : "This service allows to Access the execMultiSQL DAS Services running on the Secure Agent from the cloud process or the guide.",
        "contentType" : "application/json; charset=utf-8",
        "documentState" : "VALID"
      }
    }
  }, {
    "objectGuid" : "aEm2pt90J4ZlNivgYqa0Wr",
    "objectName" : "Tests",
    "objectType" : "Folder",
    "path" : "/Explore/DAS",
    "metadata" : {
      "modelVersion" : {
        "major" : 0,
        "minor" : 0
      },
      "repoInfo" : null,
      "objectRefs" : [ ],
      "contextAttributes" : [ ],
      "additionalInfo" : {
        "description" : "",
        "contentType" : "Binary",
        "documentState" : "COMPLETE"
      }
    }
  }, {
    "objectGuid" : "jhXRGp8HGy8fOjJy57yhy1",
    "objectName" : "DataAccessService",
    "objectType" : "AI_CONNECTION",
    "path" : "/Explore/DAS",
    "metadata" : {
      "modelVersion" : {
        "major" : 1,
        "minor" : 0
      },
      "repoInfo" : {
        "repoHandle" : "i5XRqXpIW7WHK80-gt-66339-2018-07-18T13:21:56.138Z::conn.xml"
      },
      "objectRefs" : [ ],
      "contextAttributes" : null,
      "additionalInfo" : {
        "description" : "DO NOT USE THIS SERVICE DIRECTLY is defined only to provide metadata defintions for Automated Steps execSQL and execMultiSQL",
        "contentType" : "Binary",
        "documentState" : "VALID"
      }
    }
  }, {
    "objectGuid" : "4OI2DlXvTSHfBDKeDXeoOF",
    "objectName" : "How-To Use DAS Service Wrapper",
    "objectType" : "GUIDE",
    "path" : "/Explore/DAS",
    "metadata" : {
      "modelVersion" : {
        "major" : 1,
        "minor" : 0
      },
      "repoInfo" : {
        "repoHandle" : "B7O2htghGZ5i4rs-gt-3150651-2019-04-29T19:52:29.446Z::gt.xml"
      },
      "objectRefs" : [ ],
      "contextAttributes" : null,
      "additionalInfo" : {
        "description" : "Guide Describes How to use Data Access Service Wrapper",
        "contentType" : "application/json; charset=utf-8",
        "documentState" : "VALID"
      }
    }
  }, {
    "objectGuid" : "hnj9FM2QFKbba2XrEV8l6N",
    "objectName" : "DAS",
    "objectType" : "Project",
    "path" : "/Explore",
    "metadata" : {
      "modelVersion" : {
        "major" : 0,
        "minor" : 0
      },
      "repoInfo" : null,
      "objectRefs" : [ ],
      "contextAttributes" : [ ],
      "additionalInfo" : {
        "description" : "Data Access Service Wrapper",
        "contentType" : "Binary",
        "documentState" : "COMPLETE"
      }
    }
  }, {
    "objectGuid" : "4T2lQzKv7vZjNuf8ol8yo9",
    "objectName" : "TEST DAS",
    "objectType" : "PROCESS",
    "path" : "/Explore/DAS/Tests",
    "metadata" : {
      "modelVersion" : {
        "major" : 1,
        "minor" : 0
      },
      "repoInfo" : {
        "repoHandle" : "Y8DglxbdypKwKBq-gt-747303-2018-07-18T13:22:01.881Z::pd.xml"
      },
      "objectRefs" : [ ],
      "contextAttributes" : null,
      "additionalInfo" : {
        "description" : "Test process to test various scenarios on DAS Service",
        "contentType" : "application/json; charset=utf-8",
        "documentState" : "VALID"
      }
    }
  }, {
    "objectGuid" : "cZ66760oF8pjwt5OEx7AY1",
    "objectName" : "DataAccessService",
    "objectType" : "AI_SERVICE_CONNECTOR",
    "path" : "/Explore/DAS",
    "metadata" : {
      "modelVersion" : {
        "major" : 1,
        "minor" : 0
      },
      "repoInfo" : {
        "repoHandle" : "bdrxeLeG3vASaaa-gt-159660-2018-07-18T13:21:55.023Z::svc.xml"
      },
      "objectRefs" : [ ],
      "contextAttributes" : null,
      "additionalInfo" : {
        "description" : "DO NOT USE THIS SERVICE DIRECTLY is defined only to provide metadata defintions for Automated Steps execSQL and execMultiSQL",
        "contentType" : "application/json; charset=utf-8",
        "documentState" : "VALID"
      }
    }
  }, {
    "objectGuid" : "dkcwMWPZRk4jqXT9TMUwgq",
    "objectName" : "execSQLProxy",
    "objectType" : "PROCESS",
    "path" : "/Explore/DAS",
    "metadata" : {
      "modelVersion" : {
        "major" : 1,
        "minor" : 0
      },
      "repoInfo" : {
        "repoHandle" : "TLzA5FsdsFsdsFs-gt-752763-2018-07-18T13:22:00.673Z::pd.xml"
      },
      "objectRefs" : [ ],
      "contextAttributes" : null,
      "additionalInfo" : {
        "description" : "This service allows to Access the execSQL DAS Services running on the Secure Agent from the cloud process or the guide.",
        "contentType" : "application/json; charset=utf-8",
        "documentState" : "VALID"
      }
    }
  } ]
}