<aetgt:getResponse xmlns:aetgt="http://schemas.active-endpoints.com/appmodules/repository/2010/10/avrepository.xsd"
                   xmlns:types1="http://schemas.active-endpoints.com/appmodules/repository/2010/10/avrepository.xsd">
   <types1:Item>
      <types1:EntryId>i5XRqXpIW7WHK80-gt-66339-2018-07-18T13:21:56.138Z::conn.xml</types1:EntryId>
      <types1:Name>DataAccessService</types1:Name>
      <types1:ParentFlowIds>Sv58pIO3M4WwOC2-gt-135091-2018-10-03T18:35:07.372Z::pd.xml,P274Rpf6JfOMWSw-gt-749200-2018-07-18T13:21:58.677Z::pd.xml,Y8DglxbdypKwKBq-gt-747303-2018-07-18T13:22:01.881Z::pd.xml,kZrv0CR3aaa-gt-894643-2018-10-03T18:35:49.168Z::gt.xml,qzUzeA8rJ4pbgch-gt-159666-2018-07-18T13:22:03.027Z::gt.xml,2uI5CUP9WYVMPIN-gt-171624-2018-10-03T18:35:21.856Z::pd.xml,TLzA5FsdsFsdsFs-gt-752763-2018-07-18T13:22:00.673Z::pd.xml,oQdpgbcggaaaaa-gt-179189-2018-10-03T18:34:54.238Z::pd.xml</types1:ParentFlowIds>
      <types1:MimeType>application/xml+connection</types1:MimeType>
      <types1:Description>DO NOT USE THIS SERVICE DIRECTLY is defined only to provide metadata defintions for Automated Steps execSQL and execMultiSQL</types1:Description>
      <types1:AppliesTo/>
      <types1:Tags/>
      <types1:VersionLabel>1.0</types1:VersionLabel>
      <types1:State>CURRENT</types1:State>
      <types1:ProcessGroup/>
      <types1:CreatedBy>jbrazda-iics@informatica.com</types1:CreatedBy>
      <types1:CreationDate>2018-07-18T13:21:56Z</types1:CreationDate>
      <types1:ModifiedBy/>
      <types1:PublicationStatus>published</types1:PublicationStatus>
      <types1:PublishedBy>jbrazda-iics@informatica.com</types1:PublishedBy>
      <types1:PublicationDate>2018-07-18T18:08:02Z</types1:PublicationDate>
      <types1:PublishedContributionId>project:/rt.connection/DataAccessService/DataAccessService.conn.xml</types1:PublishedContributionId>
      <types1:AutosaveExists>false</types1:AutosaveExists>
      <types1:Entry>
         <connection xmlns="http://schemas.informatica.com/socrates/data-services/2014/04/avosConnections.xsd"
                     displayName="DataAccessService"
                     label="DataAccessService"
                     name="DataAccessService">
            <description>DO NOT USE THIS SERVICE DIRECTLY is defined only to provide metadata defintions for Automated Steps execSQL and execMultiSQL</description>
            <agent/>
            <attributes/>
            <businessConnector xmlns="http://schemas.informatica.com/appmodules/screenflow/2014/04/avosConnectors.xsd"
                               agentOnly="false"
                               connectorPath="project:/rt.connector/DataAccessService/DataAccessService_svcDef.xml"
                               supportsConnectionTest="false"
                               uuid="93d7509e-96fb-4872-b8c1-41f382c1811f">
               <description>DO NOT USE THIS SERVICE DIRECTLY is defined only to provide metadata defintions for Automated Steps execSQL and execMultiSQL</description>
            </businessConnector>
         </connection>
      </types1:Entry>
      <types1:GUID>jhXRGp8HGy8fOjJy57yhy1</types1:GUID>
      <types1:DisplayName>DataAccessService</types1:DisplayName>
   </types1:Item>
   <types1:CurrentServerDateTime>2018-12-12T20:15:31.231Z</types1:CurrentServerDateTime>
</aetgt:getResponse>
